CountyId,State_x,County,TotalPop,Men,Women,Hispanic,White,Black,Native,Asian,Pacific,VotingAgeCitizen,Income,IncomeErr,IncomePerCap,IncomePerCapErr,Poverty,ChildPoverty,Professional,Service,Office,Construction,Production,Drive,ConstCarpool,Transit,Walk,OtherTransp,WorkAtHome,MeanCommute,Employed,PrivateWork,PublicWork,SelfEmployed,FamilyWork,Unemployment,FIPS,State_y
48001,Texas,Anderson County,57747,35292,22455,17.3,59.7,20.9,0.3,0.5,0,44095,42313,2337,17466,894,15.7,23,24.4,23.5,23.4,12.9,15.9,85.1,9.9,0.2,0.5,0.7,3.6,23.7,19102,73.2,20.4,6.2,0.2,4.3,48001,TX
48003,Texas,Andrews County,17577,8980,8597,55.4,41.1,1.5,0.1,0.2,0.1,10695,70753,6115,29903,3147,11.9,15.5,21.3,13,24.2,22.7,18.8,79.8,16.8,0,0,0.8,2.5,19.8,8054,85.3,8.7,5.7,0.3,4.5,48003,TX
48005,Texas,Angelina County,87700,42707,44993,21.5,61.2,14.7,0.1,1.1,0,60533,46472,1452,21974,758,19.1,27.1,28.2,20.9,24,12.3,14.6,82.9,11.9,0.4,1.7,0.9,2.2,18.7,36164,77.2,16.7,6,0.1,7.6,48005,TX
48007,Texas,Aransas County,24832,12448,12384,27,67.7,1.6,0,2,0,19441,44601,3698,29999,2914,17.8,26.8,28.2,23.3,22.1,16.5,9.8,81.4,8.4,0,2.8,0.5,6.8,20.8,10387,72.9,12.3,14.6,0.2,6.7,48007,TX
48009,Texas,Archer County,8793,4335,4458,8.3,88.6,0.8,0.3,0.4,0,6712,63192,4765,31103,2291,8.8,10.1,34.2,13.4,25.3,12.9,14.2,86,6.9,0.3,1,1.1,4.7,20.4,4344,75.6,14.5,9.8,0,3,48009,TX
48011,Texas,Armstrong County,1929,974,955,10,86.6,1.2,1.3,0,0,1501,68750,10647,31219,2569,7.5,13.6,32.9,15.3,18,25,8.9,68.8,17.4,0,2.3,0.2,11.3,27.4,968,63.8,26.3,8.6,1.2,1.8,48011,TX
48013,Texas,Atascosa County,48139,24051,24088,63.5,34.2,0.7,0.1,0.4,0,33109,55194,4735,23973,1528,14.6,22.5,25.8,21.1,19.7,18.7,14.7,76.9,15,0.1,1.1,1,5.9,30.8,20208,78.3,14.7,6.9,0,6.1,48013,TX
48015,Texas,Austin County,29292,14474,14818,25.9,63.3,8.9,0,0.2,0,20449,62614,6451,30101,1810,13.4,23.5,30.9,15.7,23.6,12.5,17.4,81.6,10.6,0.1,1.9,1.3,4.6,31.1,13509,77.5,13.2,9.3,0,5.4,48015,TX
48017,Texas,Bailey County,7098,3678,3420,62.7,34.6,1.5,0.1,0.9,0.2,3916,43523,7943,18662,3203,22.3,33.8,22.9,20.7,17.4,24,15,69.6,8.2,0,5.9,7.7,8.6,16.5,3157,77.1,11.8,10.4,0.8,2.2,48017,TX
48019,Texas,Bandera County,21316,10570,10746,18,78.8,1,0.2,0.2,0,17097,56413,5522,29177,1824,16.5,31.2,35.7,17.4,22.7,17.5,6.7,80.2,9.8,0.1,1.9,0.4,7.6,37,8682,70.8,17.9,11,0.3,5.7,48019,TX
48021,Texas,Bastrop County,80306,40845,39461,36,53.7,7.7,0.4,0.9,0,53287,59185,2756,25172,926,13.3,18.9,33.3,16.3,21.6,16.2,12.6,80.7,12,0.2,1.4,1.8,3.9,34.4,33500,71.5,20.2,8.1,0.2,7.7,48021,TX
48023,Texas,Baylor County,3602,1740,1862,10.1,83.8,3.2,0,0,0,2811,36157,3798,30820,8919,13.1,3.4,34.2,17.9,27.2,14.9,5.9,89.5,7,0,1.6,1.4,0.6,10.6,1434,70.9,17.2,11.9,0,2.3,48023,TX
48025,Texas,Bee County,32729,19883,12846,58.2,32.2,8.2,0.5,0.5,0,24925,45415,4540,17504,1095,19.7,31.8,20.9,24.2,26.1,12.1,16.7,80.3,12.6,0,2.6,1.8,2.6,21.9,10125,71,23.3,5.5,0.2,6.3,48025,TX
48027,Texas,Bell County,336506,168147,168359,24,47.2,21,0.3,2.8,0.7,231161,52583,994,25017,639,14.3,20.4,33.1,19.9,25.9,9.4,11.7,81,11.6,0.4,2.1,1.4,3.5,20.6,135361,70.7,24.3,4.9,0.1,8.3,48027,TX
48029,Texas,Bexar County,1892004,932577,959427,59.8,28.4,7,0.2,2.6,0.1,1262321,53999,449,26158,213,16.4,23.3,34.8,19.6,26,9.7,10,79.3,10.9,2.6,1.7,1.4,4.2,25,867502,80.7,13.8,5.5,0.1,6.1,48029,TX
48031,Texas,Blanco County,11089,5576,5513,19.1,77.6,0,0,0.6,0,8562,58500,4789,31249,3106,10.8,16.1,33.6,18.2,21,16.7,10.4,77.9,8.6,0,3.1,1.3,9.2,27.8,5106,66.2,16.9,16.4,0.4,5.7,48031,TX
48033,Texas,Borden County,602,309,293,7.6,92.4,0,0,0,0,435,77708,14586,38923,11296,2.8,0,47.8,8.6,20.4,17.6,5.5,74.7,10.7,0,11.1,0,3.6,28.1,255,57.3,23.5,19.2,0,1.5,48033,TX
48035,Texas,Bosque County,17955,8831,9124,17.6,78.7,1.4,0.3,0.3,0,13377,48677,3108,25763,1602,15.6,26.5,29.3,16.6,21.7,16,16.4,79.2,10,0.1,4.5,1.2,5,29.6,7475,76.6,11.5,11.3,0.6,5.2,48035,TX
48037,Texas,Bowie County,93635,47173,46462,7.4,64.5,23.9,0.8,1,0,69154,46283,2652,24761,1365,17.9,26.4,31.9,18.8,24,11.2,14.2,88.6,5.9,0.3,0.9,1.8,2.5,17.9,36668,77.7,18.1,4.2,0,7.3,48037,TX
48039,Texas,Brazoria County,345995,175156,170839,29.7,49.1,12.9,0.3,6.2,0,232385,76426,2188,32343,729,9.9,12.1,41.7,14,20.2,11.2,12.8,86.3,8.9,0.2,0.8,0.9,2.8,29.8,162270,80.5,14.6,4.9,0.1,4.9,48039,TX
48041,Texas,Brazos County,214231,108478,105753,25.1,56.7,10.2,0.1,6,0,150587,43907,1389,25337,637,26,22.9,41.1,18,22.9,8.7,9.3,77.7,11.3,2.4,2.5,2.7,3.4,17,103649,69.5,24.8,5.6,0.1,4.7,48041,TX
48043,Texas,Brewster County,9220,4464,4756,44.2,51.7,0.1,1.7,1.1,0,7083,38906,3618,26073,2325,10.9,7.6,35.8,26.3,18,11.3,8.6,71.3,19.3,0,2.7,1.9,4.8,13.8,4151,57.2,33.7,7.4,1.7,7.1,48043,TX
48045,Texas,Briscoe County,1591,796,795,32.2,60.6,1.7,0,0,1,1182,42500,7062,23199,2789,13.9,17.2,31.4,15.1,23.6,19.8,10.2,79.8,5.2,0,2.4,1.6,11,20.9,729,64.2,20.2,14.3,1.4,6.2,48045,TX
48047,Texas,Brooks County,7251,3750,3501,94.1,5.8,0.1,0,0,0,4628,24794,3253,13549,1662,41.5,62.3,25.1,28.8,22.1,12,12,84.7,10.2,0,3.2,0,1.8,21.6,2489,63.6,27.3,9.1,0,13.8,48047,TX
48049,Texas,Brown County,37787,18741,19046,21.5,72.7,3.6,0.2,0.6,0,27983,43062,1925,24040,1409,16.4,24.7,33.5,17.7,22,10.8,16.1,86.3,8.9,0.3,1.5,0.6,2.3,17.3,15238,76.9,15.1,8,0,4.3,48049,TX
48051,Texas,Burleson County,17596,8781,8815,20.1,65.7,12.3,0.2,0.3,0,12859,52510,4429,27112,1779,15.1,26.9,25.6,19.3,19.1,17.2,18.9,81.6,13.5,0.3,1.1,0.8,2.6,27.4,7697,71.9,18.5,9.3,0.4,6.7,48051,TX
48053,Texas,Burnet County,45017,22234,22783,21.9,74.1,1.5,0.6,0.7,0,33766,57173,3823,29247,1770,12.3,18.4,30.2,18.8,22.4,14.9,13.6,76.4,12.5,0.2,2.7,1.6,6.6,26.2,19567,75.3,12.4,12,0.3,4.3,48053,TX
48055,Texas,Caldwell County,40544,20563,19981,50.7,41.1,6.1,0.2,1,0.1,28283,51346,2389,23366,1304,17.7,22.9,25.3,20.2,23.5,17.4,13.7,79,11.6,0.2,3.6,1.7,4,30.6,18238,74.3,18.9,6.7,0.1,3.4,48055,TX
48057,Texas,Calhoun County,21821,10976,10845,48.1,43.2,2.6,0.1,4.9,0.1,14965,58788,3841,26909,1580,15.8,24.6,24.8,16.4,19.5,17.3,21.9,82.7,11.7,0.5,0.9,1.1,3.2,20.9,9676,83.8,10.5,5.7,0,6.3,48057,TX
48059,Texas,Callahan County,13660,6650,7010,9.1,86.8,1.5,0.1,0.2,0,10269,40945,2635,22205,1487,15.6,15.4,24.9,15.2,24.8,18.3,16.7,84.7,8.8,0,0.8,0.3,5.4,22.9,5128,72.1,16.3,10.2,1.4,3.5,48059,TX
48061,Texas,Cameron County,420201,203657,216544,89.3,9.3,0.4,0.1,0.6,0,224981,36095,962,16085,329,31.2,43.9,28.2,26.3,24.3,10.5,10.6,84.8,9.1,0.5,1.3,1.8,2.4,20.2,153938,73.8,17.1,8.9,0.3,8,48061,TX
48063,Texas,Camp County,12670,6215,6455,23.9,56.6,16.9,0.4,0.3,0,8606,41811,3097,21069,1432,17.4,24.4,22.5,18,22.4,14.3,22.7,80.7,13.7,0.4,0.1,1.4,3.6,26,5274,75.1,15,8.9,1,6.1,48063,TX
48065,Texas,Carson County,6033,2888,3145,9.7,86.4,0.6,0.4,0.5,0.2,4433,67010,6981,31788,2489,6.4,7.8,37.8,9.1,24.1,17.5,11.5,86.2,10.2,0.1,0.2,0,3.3,19.7,2896,71.3,20.3,8.1,0.2,1.9,48065,TX
48067,Texas,Cass County,30118,14599,15519,4.3,76.4,17,0,0.4,0,22979,41432,2577,22145,1125,18.5,30.7,22.9,19.3,24.6,14,19.2,89.5,4.3,0.2,0.6,3.4,2,24,11991,74,16.7,9.3,0,7.3,48067,TX
48069,Texas,Castro County,7891,3958,3933,63.9,32.9,0.7,0.1,1.2,0,4447,44643,3842,22292,4461,15.9,22.7,24.7,14.4,26.6,18.2,16.2,85.8,7.1,0,2.4,0.7,4,16.1,3289,75.8,12.6,10.3,1.3,4.2,48069,TX
48071,Texas,Chambers County,39283,19679,19604,21.4,68,8,0.1,1.3,0,25703,74368,8078,31412,1542,12.9,17.8,36.1,9.5,19.7,15.8,18.9,88.9,6.6,0.2,0.9,1.3,2.1,27.8,16713,75.6,16.4,7.7,0.3,6.5,48071,TX
48073,Texas,Cherokee County,51594,26307,25287,22.5,61.3,13.6,0.5,0.6,0,35239,44294,2017,21102,1071,18.7,29,28.9,19.8,21.2,14.6,15.6,80.1,14.3,0,2,0.8,2.7,24.4,20526,73.1,20,6.8,0.2,6.1,48073,TX
48075,Texas,Childress County,7064,3933,3131,21.7,64.1,7.2,1,1.4,3.4,5426,40432,6002,18694,2746,19.6,15.7,31.8,14.2,21.9,14.7,17.4,80.9,15.5,0,0.9,0,2.7,15.7,2515,68.9,25.6,5.4,0,5.2,48075,TX
48077,Texas,Clay County,10369,5184,5185,5.7,90.4,0.5,1.2,0.3,0,7989,46863,4871,27593,2301,15,21.8,30.6,16.5,24.4,14.7,13.9,84.5,7.5,0,2.5,1,4.5,23.9,4373,74.4,14.5,10.9,0.3,7.2,48077,TX
48079,Texas,Cochran County,2932,1492,1440,57,37.7,2.6,0.2,0,0,1779,37500,3978,19195,2005,24.8,34.7,25.7,12.8,12.2,32,17.4,71.6,24.3,0.6,1,0.5,2,23.4,1189,65.9,22.5,11.5,0.2,8,48079,TX
48081,Texas,Coke County,3238,1609,1629,21.1,76.9,0.6,0.6,0.2,0,2550,42500,6360,24623,1913,16.6,19.5,41.3,14.2,15,17.6,11.8,84.3,5.5,0,5.1,0.7,4.3,23,1462,58.1,31.7,10.3,0,4.3,48081,TX
48083,Texas,Coleman County,8422,4282,4140,17.4,77.3,2.7,0.8,0.8,0,6470,40804,3227,26436,3192,20.3,29,33,11.9,19.3,18.4,17.5,87.8,7.2,0.1,0.8,1.6,2.5,24.5,3310,72.6,15.6,11.8,0.1,5.1,48083,TX
48085,Texas,Collin County,914075,448915,465160,15.1,59.1,9.2,0.3,13.5,0.1,584404,90124,995,41609,444,6.9,8.2,52.7,12.1,24.3,5.2,5.7,81.3,7,1.1,0.8,1.3,8.5,28.7,474671,84.3,9.7,5.9,0.1,4.3,48085,TX
48087,Texas,Collingsworth County,3026,1508,1518,31.3,60.3,3.5,4.3,0.1,0,2035,46348,6241,21356,2113,15,25.8,20.9,22.4,19,21.4,16.2,86.3,8.8,0,4.1,0,0.8,15.4,1386,65.2,26.2,8.7,0,7.1,48087,TX
48089,Texas,Colorado County,20913,10487,10426,28.9,57,13,0.1,0.1,0,14875,50241,3748,26689,1937,12,15.3,29.4,17.9,23.5,14.2,15,85.8,8,1.1,1,0.6,3.5,20.5,9491,73.3,17.6,8.8,0.2,2.9,48089,TX
48091,Texas,Comal County,129100,63732,65368,26.8,68.7,2,0.1,1,0,94928,73655,1751,35841,827,9.2,14.1,39,14.7,27.3,10,9,80.7,8.5,0.2,1.6,1.4,7.6,30.6,59833,78.7,12.8,8,0.4,3.8,48091,TX
48093,Texas,Comanche County,13492,6710,6782,27.3,70.4,0.7,0.5,0.6,0,9715,42419,2872,22751,1575,18.2,29.2,29.6,14.4,21.7,17.3,16.9,80.6,11.3,0,2.7,1.7,3.8,25.2,5454,75.4,14.3,10,0.3,3.6,48093,TX
48095,Texas,Concho County,3858,2622,1236,53,44.9,0.7,0.1,1,0,2114,46696,9020,17513,2719,8.5,13.8,30.8,16,22.5,20,10.7,79.3,12.1,0,3.5,0,5.1,22.5,1023,55,25.9,19.1,0,0.4,48095,TX
48097,Texas,Cooke County,39064,19358,19706,17.3,76.4,2.5,0.7,0.9,0.2,27204,60027,2476,29067,1064,13.9,24.7,29.2,20.4,21.6,11,17.8,76.8,15.7,0.1,1.6,1.2,4.6,25.5,18724,77.5,14.9,7.3,0.2,5.2,48097,TX
48099,Texas,Coryell County,75818,37921,37897,17.8,59.5,13.7,0.6,1.8,0.7,55434,50865,1533,21171,1082,13.3,18.9,29.8,23.8,25.1,12.6,8.8,72.8,12.8,0.4,7.3,2.2,4.5,22,23306,62,31.8,6.1,0.1,9.9,48099,TX
48101,Texas,Cottle County,1498,758,740,32.7,53.6,10.2,0.3,0,0,1061,33534,5773,20566,2966,24.5,35.8,26,29.2,17.7,22.3,4.9,69.5,17.5,0.3,8.2,3,1.6,15.2,651,61.6,24.6,13.4,0.5,10.7,48101,TX
48103,Texas,Crane County,4836,2515,2321,62.8,32.9,4.2,0.1,0,0,2746,63935,9605,24582,1869,11.8,16.6,19.1,16.7,16.1,27.2,20.9,78.5,17.3,1.7,0.8,1.4,0.4,28.5,2023,84,13.2,2.8,0,2.6,48103,TX
48105,Texas,Crockett County,3836,1903,1933,66.1,33,0.9,0,0,0,2618,52310,7773,23296,3356,20.9,39.8,26.4,17,19.1,24.5,13,80,16.5,0,0,0,3.5,22.3,1733,66.9,19.2,13.8,0,2.4,48105,TX
48107,Texas,Crosby County,5895,2918,2977,55.4,40,3.7,0,0,0,4174,38674,2969,20057,1734,20.8,29.7,30,18.4,21.5,19.2,10.9,85.2,7.9,0,2.2,3.5,1.3,21.6,2519,72.1,19.7,7.9,0.2,7.7,48107,TX
48109,Texas,Culberson County,2257,1162,1095,80.7,17.4,0.4,0,0.3,0,1587,33125,11492,16763,2601,29.4,47.3,19.3,36,17.9,19.7,7.1,78,11.6,0,2.6,4.6,3.2,12.5,974,73.4,18.8,7.8,0,5.3,48109,TX
48111,Texas,Dallam County,7207,3880,3327,43.8,51.2,1.7,1.2,0.9,0,4139,45580,8818,25221,4782,15.9,24.6,20.9,25,14.3,21,18.8,83.9,11,0.4,1.8,0.6,2.3,13.5,3501,77.5,10.9,11.4,0.1,3.7,48111,TX
48113,Texas,Dallas County,2552213,1257751,1294462,39.6,30.2,22.1,0.2,6,0,1473599,53626,437,29810,247,17.7,27.1,34,17.7,24.1,11.5,12.8,78.4,11,2.8,1.5,2,4.3,27.2,1252101,84.3,9.1,6.4,0.2,5.9,48113,TX
48115,Texas,Dawson County,13095,7274,5821,56.4,36.3,5.7,0.4,0.9,0,9223,43201,4374,21360,1861,18.5,20.4,25,17,21.8,19.3,16.8,77.8,16.5,0.3,2.3,0.3,2.9,16.6,4968,70.4,20.1,9.3,0.3,6.7,48115,TX
48117,Texas,Deaf Smith County,18947,9499,9448,71.6,25.9,0.8,0.3,0.5,0.1,10652,51543,3468,21209,1250,18,26.8,27.7,12.8,18.5,15,26,85,11.5,0.5,0.4,0.4,2.2,13.1,8619,80.9,12.9,5.5,0.7,5,48117,TX
48119,Texas,Delta County,5172,2552,2620,6.9,81.5,7.9,0.2,0.7,0,3959,42642,5710,22732,2155,22.9,40.1,31,16.5,22.1,13.9,16.5,86.9,7.1,0.6,2.4,1.6,1.5,31.5,1980,72.6,19.6,7.8,0,6.4,48119,TX
48121,Texas,Denton County,781321,384390,396931,19.1,60.9,9.1,0.3,7.8,0.1,519933,80290,1119,37928,397,8.4,9.4,46,13.9,25.6,6.3,8.2,80.9,8.5,0.9,1.3,1.3,7.1,28.9,419189,82.7,11.6,5.5,0.2,4.5,48121,TX
48123,Texas,DeWitt County,20474,10697,9777,34.5,55.6,9,0,0,0,15285,50960,5037,28116,2303,16,20.2,30.5,18.3,19.8,15.5,15.9,85,7.6,0.1,2.3,1,3.9,23.8,7965,76.9,16.1,6.7,0.2,6.5,48123,TX
48125,Texas,Dickens County,2224,1186,1038,27.6,68.7,3.1,0.3,0.1,0,1664,43088,3488,24171,3281,16.6,19.3,37.1,20.7,17.4,17,7.8,66.5,14.8,0.3,7.1,6.4,5,19.1,747,65.9,22,12,0.1,15,48125,TX
48127,Texas,Dimmit County,10822,5284,5538,86.5,13.2,0.1,0,0.2,0,7179,31384,5343,17939,3265,30.2,43.3,23.1,24.2,30.2,12.8,9.8,80.3,8.6,0.4,3.1,1,6.7,15.6,3805,72.7,16.6,10.7,0,15,48127,TX
48129,Texas,Donley County,3433,1714,1719,10.6,81.8,3.7,0.7,0.5,0,2699,44429,6281,23212,1865,14.9,23.5,30.5,21.5,22.9,14.7,10.4,74.2,14.8,0,4.8,0.3,5.9,23.6,1421,66.6,19.3,14.1,0,4.6,48129,TX
48131,Texas,Duval County,11434,5891,5543,89.3,9,1.4,0,0.3,0,8283,35443,5975,19085,2049,25.2,36.2,19.6,27.1,18.5,22.2,12.7,74,15.5,0,3.1,1.2,6.2,27.6,3950,73.5,18.5,7.2,0.8,13.6,48131,TX
48133,Texas,Eastland County,18278,9337,8941,16,79.9,2.2,0.4,0.2,0,14087,32135,3314,20433,2001,17.4,24.6,28.7,17.4,23.5,13.5,16.8,87.2,8.5,0,2.6,1.1,0.7,18.6,6910,76.6,15.8,6.6,0.9,5.7,48133,TX
48135,Texas,Ector County,155744,78798,76946,58.7,34.5,4.1,0.2,1,0,96417,59528,2471,27728,973,12.3,15.6,23.4,15.7,25.9,17.9,17.1,81.1,13.6,0.4,1.7,1,2.2,22,72576,82.3,11,6.5,0.1,6.9,48135,TX
48137,Texas,Edwards County,2111,965,1146,56.9,43.1,0,0,0,0,1765,48462,24610,28968,13175,7,12.4,14,22.1,37.2,23.5,3.3,63.6,15.2,0,1.9,3,16.3,16.3,888,64.9,18.2,16.9,0,5.1,48137,TX
48139,Texas,Ellis County,164092,80837,83255,25.5,62.6,8.9,0.3,0.7,0,111526,67371,2205,28612,695,10.5,14.6,33.2,13.5,25.8,11.8,15.7,82,11.1,0.4,0.9,0.6,5,29.3,78597,79.5,13.1,7.2,0.2,4.6,48139,TX
48141,Texas,El Paso County,834825,409199,425626,82.2,12.4,3,0.3,1.1,0.1,488016,43244,675,19950,268,21.7,30.2,30.1,20.9,27,9.1,12.9,79.7,11,1.5,2,2.3,3.5,23.4,341350,74,19.5,6.3,0.1,7,48141,TX
48143,Texas,Erath County,41016,20118,20898,20.6,75.4,1.6,0.5,0.8,0,30429,47013,2530,23511,1391,22.6,21.5,32.1,21.6,19.5,12.1,14.8,81.8,10.2,0.3,2.5,0.7,4.5,19.9,19076,77,14,8.3,0.6,4.3,48143,TX
48145,Texas,Falls County,17289,8135,9154,22.8,51.5,24.3,0.2,0.2,0.1,12915,38834,4055,17755,973,25.2,37.7,23,19.1,20.3,14.5,23.1,78,11.1,1.1,3.7,2.9,3.2,26.7,5774,77.4,15.5,6.9,0.1,6.1,48145,TX
48147,Texas,Fannin County,33787,17846,15941,10.6,79.4,6.5,0.4,0.7,0.1,25406,47875,2798,23212,927,14.8,19.1,31.7,16.4,22.6,12.9,16.5,81.7,9.9,0,1.7,1.2,5.5,29.7,13407,72.5,19.9,7.3,0.3,5.2,48147,TX
48149,Texas,Fayette County,24963,12188,12775,20.4,71.9,6,0.1,0.7,0,18780,56941,5047,30405,1931,9.1,10.1,22.3,18.7,26.2,16.2,16.6,85.3,8.4,0.2,1.9,1,3.1,22.8,11626,75.9,13.5,10.2,0.4,1.5,48149,TX
48151,Texas,Fisher County,3875,1867,2008,29.8,66.5,2.9,0,0.5,0.1,2961,45294,3897,27750,3592,17.4,24.5,32.8,16.6,19.8,17.2,13.6,81.3,11,0,3.3,0.9,3.5,21.3,1728,68.3,18.2,13.1,0.4,5.6,48151,TX
48153,Texas,Floyd County,5953,2911,3042,57.8,37.9,2.5,0.2,0.3,0,4035,48767,4541,24347,2488,18.2,28.7,30,17.1,15.6,22.9,14.4,81,8.9,0.8,1.6,0.3,7.4,14.9,2444,75.3,15.1,9.6,0,6.4,48153,TX
48155,Texas,Foard County,1414,749,665,21.6,76.2,2.2,0,0,0,1096,50000,15300,26034,4635,5.7,5.3,22.2,22.7,23.5,15.1,16.6,84.3,10.9,0,2.4,0,2.4,20.8,591,60.9,27.1,11.2,0.8,11.3,48155,TX
48157,Texas,Fort Bend County,711421,349697,361724,24.2,34.4,20.2,0.2,19.2,0,434611,93645,1349,38382,621,8.1,10.7,50.4,12,23.1,6.4,8.1,82,9.7,1.6,0.5,1.3,4.9,33,339159,82.3,11.8,5.7,0.2,5.3,48157,TX
48159,Texas,Franklin County,10639,5409,5230,13.9,79.6,4.5,0.5,0,0.1,7429,43967,4356,23642,2098,15,22.8,24.3,14.6,26.8,16.9,17.4,82.5,8.9,0.4,1.5,1.2,5.5,23.9,4397,74,11.1,14.1,0.8,7.6,48159,TX
48161,Texas,Freestone County,19646,10224,9422,14.7,67.5,16.1,0.2,0.4,0,14290,45890,4462,24060,1797,17.3,26.4,26.4,24.9,19.3,14.1,15.3,82.9,12,0.1,1.6,0.7,2.7,25.7,7422,73.3,19.6,7.1,0,4.2,48161,TX
48163,Texas,Frio County,19110,11363,7747,78.5,16.4,3.6,0,0.6,0,12651,37382,4996,16833,2042,20.3,26.8,19.2,22.3,17.5,20.5,20.5,84.6,11,0.2,1.4,0.6,2.3,15.8,6859,76.6,16.8,6.6,0,7.3,48163,TX
48165,Texas,Gaines County,19889,10082,9807,40.6,56.3,2.3,0.1,0.5,0,10115,58167,5868,22656,2576,11,11.6,28.6,11.8,18.6,24.9,16.1,74.9,18.8,0,4.1,0.1,2.1,19,8134,76,12.5,11,0.4,4.5,48165,TX
48167,Texas,Galveston County,321184,158564,162620,23.9,58,12.5,0.3,3.3,0,225661,65702,1802,33870,571,13.9,19.7,41.1,17.6,22,9.4,9.9,80.9,10.5,0.9,2,1.9,3.7,28,149076,77,16.7,6.1,0.1,6.5,48167,TX
48169,Texas,Garza County,6739,4369,2370,54,40.5,4.5,0.1,0.6,0,3472,53832,4373,20635,4165,13.5,26.1,30.3,22.3,15.5,15.2,16.7,71.5,23.8,0,2,2.6,0.1,17.4,2445,72.2,16.7,11.1,0,2,48169,TX
48171,Texas,Gillespie County,25939,12655,13284,22.5,75.6,0.1,0,0.1,0,19514,56267,3468,32557,2310,12.4,22.6,33.6,21.1,21.7,14.3,9.3,72.5,14,0.5,4.4,2.3,6.2,20.7,11800,73.4,8.9,17.2,0.5,5,48171,TX
48173,Texas,Glasscock County,1420,792,628,40.6,59.4,0,0,0,0,855,64886,26246,32885,6824,11.6,6.1,45.3,9.6,17.5,11.1,16.6,77.7,3.8,0,9.9,1.2,7.4,20.6,669,76.8,14.1,9.1,0,0,48173,TX
48175,Texas,Goliad County,7510,3778,3732,35.6,58.6,5.3,0,0.2,0,5773,56737,6539,30075,3418,16.4,31.2,29.4,11.9,24.7,16.7,17.2,76,13.4,0,5.2,0,5.4,29.9,2994,71.7,20.7,7.6,0,6.4,48175,TX
48177,Texas,Gonzales County,20558,10400,10158,50.1,42.3,6.7,0.1,0.2,0,12811,47516,3368,23635,1542,17.2,25,19.5,18,22.8,16.7,23,77.3,14.8,1.3,2.3,1.3,3.1,22.3,8939,76.6,14.8,8.4,0.3,5.1,48177,TX
48179,Texas,Gray County,22962,12143,10819,27.9,64.5,4.3,0.9,0.7,0.1,15721,48314,5246,23457,1409,14.9,20.3,23.1,17.8,24.6,18.3,16.1,85.7,10.3,0,1.5,1.8,0.8,19,9498,81.2,12.1,6.6,0.1,4.9,48179,TX
48181,Texas,Grayson County,126146,61556,64590,12.7,76.4,5.5,1.3,1.3,0,90691,52683,2034,26535,639,14.3,19.7,31.1,18.7,24.6,10.8,14.7,78,12.6,0.4,1.8,1.3,5.9,24.9,57373,79.8,12.5,7.4,0.2,6.5,48181,TX
48183,Texas,Gregg County,123402,60366,63036,18.2,58.3,20.1,0.3,1.4,0.1,84357,47970,1445,25144,748,17.6,24.5,27.8,18.7,25.1,12,16.5,85.3,8.4,0.2,2,1.3,2.8,20.4,55237,84.3,10.1,5.5,0.1,4.8,48183,TX
48185,Texas,Grimes County,27358,15070,12288,23.6,58.7,15.6,0.3,0.1,0,19712,49745,3213,23585,2861,18.6,30.7,23.3,17.9,22.4,14.9,21.4,77.5,16.3,0,1.4,0.9,3.9,27.1,10403,76.7,15.4,7.7,0.3,5.5,48185,TX
48187,Texas,Guadalupe County,150889,74611,76278,37.3,51.4,7.1,0.2,1.7,0,106496,66187,1709,29300,692,10.6,14.6,33.4,15.9,25.5,10.3,14.9,85,8.9,0.2,0.7,1.1,4.1,26.7,70169,76.3,17.8,5.6,0.3,4.5,48187,TX
48189,Texas,Hale County,34527,17906,16621,58.8,34.6,4.4,0.1,0.2,0,22811,46012,2409,19205,866,19.8,27.2,25.6,21.8,21,16,15.6,82.3,12.5,0.4,1.3,0.4,3.2,17.7,14267,74.3,19.1,6.4,0.2,6.4,48189,TX
48191,Texas,Hall County,3102,1552,1550,34.2,56.7,7.4,0.1,0.5,0,2140,31324,4587,20022,3934,22.2,27.7,20.4,25.8,23.4,25.5,4.9,82.6,12.9,0,2,1.5,0.9,15,1125,66.8,22.4,9.3,1.4,13,48191,TX
48193,Texas,Hamilton County,8220,4062,4158,12,85.1,0.7,0.7,0.2,0,6304,46611,6707,26522,3521,16.1,23.8,29,18.9,19.9,18.7,13.4,71.6,16.9,0,6.1,0,5.4,19.1,3584,69.3,18.1,11.1,1.5,3.1,48193,TX
48195,Texas,Hansford County,5532,2760,2772,46.4,53.3,0.1,0.1,0,0,3061,40678,3734,21989,2565,18.7,27.5,32.8,11.3,16.7,19.5,19.7,86.1,7.5,0.4,3,2.2,0.8,14.8,2394,72.6,14.2,13.2,0,3.8,48195,TX
48197,Texas,Hardeman County,3990,1950,2040,21.3,68.6,6.9,0.4,0.5,0,2832,37995,4188,21517,2118,13.8,15.9,30.4,22.1,17.3,19.2,11,77,20.4,0,0.5,2.1,0,15.9,1695,65.3,27.4,6.8,0.5,6.7,48197,TX
48199,Texas,Hardin County,55993,27365,28628,5.4,87,5.6,0.2,0.5,0,41486,56131,3351,29693,1678,12,15,31.9,14.2,24.2,14.2,15.4,86.7,9.4,0.2,0.9,1,1.9,28.3,24056,82.1,13.7,4.1,0.1,4.4,48199,TX
48201,Texas,Harris County,4525519,2251060,2274459,42.2,30.6,18.5,0.2,6.8,0.1,2605043,57791,503,30856,222,16.8,25,35.4,17.4,22.9,11.5,12.8,79.3,10.9,2.7,1.5,1.9,3.7,28.9,2180392,83.4,9.8,6.6,0.2,6.4,48201,TX
48203,Texas,Harrison County,66606,32517,34089,12.7,63.8,21.3,0.3,0.7,0,47243,48644,2576,25123,1681,17.9,24.2,32.4,15.9,20.2,13.5,18,87.5,6.4,0,0.6,1.7,3.8,20.9,27603,80.9,12.8,6.1,0.2,7.2,48203,TX
48205,Texas,Hartley County,5821,3524,2297,26.2,59.6,8.4,0,1.4,0,4159,64427,4662,20676,2181,8.1,11.4,38,14.1,18.1,17.3,12.6,84,8.3,0,2.3,0.8,4.7,11.9,2049,76.2,13,8.8,2,1.2,48205,TX
48207,Texas,Haskell County,5806,3247,2559,27.6,65.8,3.1,0.6,0.7,0,3969,43529,6157,21120,2295,19.3,32.6,22.9,22.3,19.5,17.2,18,79.5,11.9,0,4.4,1.4,2.9,16.1,2180,62.4,18.7,18.1,0.8,9.5,48207,TX
48209,Texas,Hays County,194843,96973,97870,37.8,55.3,3.5,0.2,1.3,0,139025,62815,1681,29253,738,15.3,14.8,37.5,18.7,25.7,9.2,9,78.9,9.8,0.8,2,2.1,6.4,30.1,99069,75.3,17.6,6.9,0.3,5.3,48209,TX
48211,Texas,Hemphill County,4152,1976,2176,35.2,61.8,0.7,0.4,0.3,0,2336,68679,8021,29470,3571,8.8,14.3,31.3,15.4,25.7,17.3,10.2,76.2,15.5,0,4.6,0,3.6,16,1898,73.7,16.9,9.4,0,6.9,48211,TX
48213,Texas,Henderson County,79687,38840,40847,12.1,78.9,6.6,0.9,0.7,0.1,59045,44888,1447,24315,975,18,29.2,29.1,19.6,22.9,14.4,14,82,12,0.1,1.2,0.6,4,30.6,31087,76.2,14.9,8.7,0.2,6.2,48213,TX
48215,Texas,Hidalgo County,839539,410383,429156,91.8,6.6,0.4,0.1,0.9,0,403944,37097,803,15883,288,31.8,43.8,27,23.5,25.6,13,11,80.4,8.8,0.3,1.2,4.4,4.9,21.9,313678,71.2,17.2,11.4,0.1,8.1,48215,TX
48217,Texas,Hill County,35098,17374,17724,20,71.3,6.3,0.2,0.3,0.2,25134,45970,2801,23342,1140,17.5,27,26.2,18.8,22.7,14.2,18.1,79.9,12.3,0,1.4,1.7,4.6,28.5,14579,78,14,7.8,0.3,8.1,48217,TX
48219,Texas,Hockley County,23273,11505,11768,46.9,47.7,3.6,0.6,0.2,0.1,16017,49184,2913,22673,994,14.9,18.7,26.2,17,24.6,19.4,12.8,78.6,16.2,0.1,2,0.7,2.5,19.6,10337,81.1,12.7,6,0.3,7.4,48219,TX
48221,Texas,Hood County,55418,27199,28219,12,84.8,0.7,0.9,0.8,0,42883,60275,2698,32578,1911,12.3,20.3,32.6,14.9,23.3,13.2,16.1,87.7,6.2,0.2,0.5,0.9,4.5,32.5,22905,80.1,10.5,9.1,0.3,3,48221,TX
48223,Texas,Hopkins County,35929,17643,18286,16.3,74,6.7,0.2,0.7,0.1,25059,47832,1988,24236,1087,17.9,27.3,28.4,17.6,22.5,11.8,19.7,82.8,10.4,0.3,2,1,3.5,23.3,15408,78.5,12.7,8.5,0.3,5.9,48223,TX
48225,Texas,Houston County,22849,12274,10575,10.7,62,24.9,0.2,0.4,0,17923,33552,2167,17884,1092,24.7,40.3,24.7,22.2,22.1,12.7,18.3,85.5,8.4,0,1,1.3,3.8,26.4,7642,67.1,21.8,11,0,4.5,48225,TX
48227,Texas,Howard County,36491,20588,15903,41.2,50,5.2,0.7,0.8,0.1,25331,50855,2162,22994,1387,13.9,16.6,29,18.6,22.9,14.9,14.6,80.1,15.9,0.4,1.3,1.1,1.1,18.8,14393,72.7,20.7,6.3,0.3,6.7,48227,TX
48229,Texas,Hudspeth County,3702,1841,1861,78.4,18.5,1.5,0,1.2,0,1737,26346,4472,12543,2216,35.6,51.5,17.8,38.4,14.1,17.5,12.2,78.9,5.6,0,3.8,1.9,9.8,29,1083,63.1,26.4,10.5,0,5.7,48229,TX
48231,Texas,Hunt County,90322,44432,45890,15.3,72.9,7.8,0.8,1.2,0,65205,49319,2246,23942,706,18.8,26.2,31.7,17.3,24.3,12.7,14.1,81.1,12,0,2.1,1.2,3.6,30.8,38753,79.8,13.9,6.2,0.1,6.5,48231,TX
48233,Texas,Hutchinson County,21704,10838,10866,22.5,71.3,2,1.3,0.6,0.3,15528,50035,4099,25154,1481,16.4,23.6,22,17,25,18.9,17.1,85.3,11.6,0,1,0.6,1.5,18.3,9149,81.2,12.9,5.8,0.1,5.2,48233,TX
48235,Texas,Irion County,1592,853,739,22.9,72.4,3.2,0,0,0,1216,63021,10537,32307,4502,13.5,16.3,37.2,9.6,21,13.2,18.9,80.7,3,1,1.4,0,13.9,22.3,718,69.4,16,13.8,0.8,6.9,48235,TX
48237,Texas,Jack County,8839,4973,3866,16.3,77.9,4.5,0.4,0.1,0,6485,52829,5647,25553,2356,18.2,27.8,24.9,13,24,19.6,18.4,85.6,8,0,1,0.6,4.8,26.5,3160,76.1,13.8,9.5,0.6,3.6,48237,TX
48239,Texas,Jackson County,14756,7214,7542,32.3,59.4,7.1,0,0.3,0.1,10103,58504,5746,26809,1678,13.7,17.9,26.6,15.3,19.8,19.1,19.2,81.1,10.8,1.8,1.5,0.6,4.2,25.7,6760,76.2,15.1,7.9,0.8,4.7,48239,TX
48241,Texas,Jasper County,35444,17420,18024,6.5,74.7,16.7,0.1,0.5,0,26438,41960,4187,21402,1245,16.8,22.3,23.7,18.8,24.7,16.6,16.2,80.5,11.7,0.2,0.3,5.5,1.9,29.9,12541,80.2,14.1,5.8,0,10.3,48241,TX
48243,Texas,Jeff Davis County,2236,1070,1166,36.2,60.9,0.7,0.1,1.5,0,1542,46534,10024,25167,3334,6.7,0,32.1,22.3,14.1,21,10.6,64.3,19.4,0,5.2,0,11.1,18.5,911,54.8,29.6,15.6,0,5.1,48243,TX
48245,Texas,Jefferson County,254574,130404,124170,19.5,41.7,33.7,0.2,3.6,0,175785,46315,1252,25370,616,19.4,29.2,28.9,19.6,23.2,13.4,14.9,89.5,6.8,0.5,0.7,0.9,1.6,19.7,105319,83,13,3.9,0.1,6.5,48245,TX
48247,Texas,Jim Hogg County,5262,2623,2639,93.8,5.9,0,0,0,0,3499,31403,4984,17761,2786,26,35.9,26.4,24.1,13.1,13.7,22.7,77.3,21,1.2,0.5,0,0,33,1646,62,30.4,7.7,0,17,48247,TX
48249,Texas,Jim Wells County,41318,20134,21184,80.2,18.3,0.5,0.1,0.6,0.1,28280,41103,3613,20631,1578,23,32.4,28.6,18.8,20.3,17.1,15.2,83.8,9.6,0,2.6,1,3.2,28.6,16282,78.5,13.1,8.4,0,5.3,48249,TX
48251,Texas,Johnson County,160173,79887,80286,20.3,73.6,2.8,0.4,0.8,0.4,113111,60458,1793,26574,672,11,14.6,30.6,14.1,22.2,11.7,21.5,85.5,8.5,0.1,1.2,0.9,3.7,30.3,72273,82.4,10.8,6.7,0.2,4.9,48251,TX
48253,Texas,Jones County,19969,12658,7311,27.2,54.8,14.5,0.1,0.3,0,15944,48601,5941,17960,1698,15.9,19.9,31.9,24,19.5,10.5,14.1,76.9,16.6,0,2.7,1,2.8,20.2,5057,65.5,23.2,11.1,0.3,4.2,48253,TX
48255,Texas,Karnes County,15051,8960,6091,52.9,37.8,8.7,0.1,0.1,0,11095,53051,5261,27011,2534,19.3,32.1,27.4,20.2,22.8,16.5,13,82.6,12.2,0.1,0.9,0.8,3.5,21.7,5433,70.1,21.8,7.7,0.5,4.1,48255,TX
48257,Texas,Kaufman County,114852,56347,58505,19.9,66.6,10.4,0.4,1.1,0.1,77303,63926,2146,26631,722,12.4,16.4,33.4,15.2,25.9,11.6,13.9,83,11,0.3,0.5,1.5,3.6,34.7,53146,77.5,16.5,5.8,0.2,6.5,48257,TX
48259,Texas,Kendall County,40306,19568,20738,23,73.6,0.7,0,0.7,0.1,29350,81023,5739,39517,2548,5.7,7.7,44.8,16.5,22.6,9.1,7,79.1,9.7,0.1,2.3,1.2,7.6,31.2,18640,75.8,13.6,10.7,0,4.4,48259,TX
48261,Texas,Kenedy County,564,280,284,88.5,11.3,0,0,0.2,0,296,24800,15011,13705,4641,24.8,29.9,19.1,28.4,24,28.4,0,97.2,0,0,2.8,0,0,16.3,183,66.1,33.9,0,0,0,48261,TX
48263,Texas,Kent County,680,311,369,21.6,77.1,0.7,0.6,0,0,527,52250,12784,27515,5559,17.9,42,40.1,16.1,21.7,13.5,8.6,72.3,9.3,0,15,1.7,1.7,7.7,304,51.3,39.5,8.2,1,1.6,48263,TX
48265,Texas,Kerr County,50761,24563,26198,26.1,69.9,1.4,0.2,1,0,38666,48698,2928,28484,1842,13.8,23.3,30.3,24.1,23.2,12.7,9.8,78.8,14,0,1.9,0.7,4.5,20,21475,72.3,15.2,12.5,0,6,48265,TX
48267,Texas,Kimble County,4432,2140,2292,23.7,74.3,0,0.5,0,0,3485,41095,2463,26982,5998,22.1,36.4,26,22.1,24.6,17.9,9.4,72.6,19.4,0,3.3,1.3,3.4,20.6,2027,69.8,18.5,11.5,0.1,6.4,48267,TX
48269,Texas,King County,289,150,139,26.6,73.4,0,0,0,0,184,56964,20503,29918,7391,3.5,6.8,38.2,8.1,15,36.4,2.3,89.6,1.7,0,3.5,1.2,4,12.4,173,72.8,20.2,6.9,0,6,48269,TX
48271,Texas,Kinney County,3631,2234,1397,61.8,38.1,0.1,0,0,0,2567,34926,7639,21395,2872,10.6,8.3,24.2,38.6,10.7,21.6,4.9,81.4,4.4,1.2,0.1,5.6,7.3,18.7,1351,56.6,35.7,7.7,0,8.1,48271,TX
48273,Texas,Kleberg County,31540,16290,15250,72.3,21,3.5,0.1,2,0,22956,41700,3197,19806,1248,23.7,27.4,31.1,20.7,20.3,16,11.8,76.1,12.9,0,6.8,2.3,1.8,17.6,13683,69.1,25.7,4.8,0.3,9.7,48273,TX
48275,Texas,Knox County,3753,1879,1874,33.4,59.4,6,0.1,0.2,0,2516,46319,5444,21046,1742,14.7,23.2,32.6,13.5,15.8,25.2,12.9,77.3,16.5,0,1.4,0.3,4.4,17.5,1504,70.5,20.5,8.4,0.7,5.1,48275,TX
48277,Texas,Lamar County,49401,23876,25525,7.5,75,12.3,0.3,0.9,0.3,36668,42198,2190,23625,1106,17.8,26.1,27.1,17.6,24.9,12.6,17.8,81.4,10,0.1,2.4,3,3.2,20.3,21134,79.4,13.6,6.8,0.2,5.6,48277,TX
48279,Texas,Lamb County,13368,6832,6536,55,39.8,3.6,0.3,0.5,0,8783,43712,2899,21760,1344,20.5,28.3,34.8,14.9,19.1,18.1,13.2,82.2,9,0.1,2,3.2,3.6,17.2,5671,74.6,18.2,7.1,0.2,3.6,48279,TX
48281,Texas,Lampasas County,20473,10144,10329,19.2,72.9,3,0.4,1.1,1,15176,54467,3818,26405,1316,12,14.9,32.4,20.4,20.3,15.4,11.5,76.5,14.8,0.2,2.7,3.1,2.7,27.4,8612,70.3,21.8,7.7,0.1,7.4,48281,TX
48283,Texas,La Salle County,7418,4347,3071,79.9,17.6,1.2,0,0.1,0,5387,44601,8414,26268,8675,8.2,8.7,29.6,14.8,19.3,22.4,14,88.5,6.4,0,1.6,0.2,3.2,19.5,2716,82.9,10.6,6.5,0,5.4,48283,TX
48285,Texas,Lavaca County,19859,9596,10263,18.1,74.3,6.6,0,0.4,0,14374,51708,2822,29946,1909,10.5,13.3,32.8,14.4,20.4,14.1,18.3,83.3,10.8,0.2,1.6,0.8,3.2,28,8843,74.7,15.3,9.9,0.1,2.9,48285,TX
48287,Texas,Lee County,16850,8476,8374,23.2,63.7,11,0,0.9,0,12040,55741,4948,26740,1964,13.8,19,26.5,22.6,23.1,13.1,14.7,76.8,13.9,0,1.6,1.1,6.6,25.7,7894,72.2,15.7,11.7,0.4,4.5,48287,TX
48289,Texas,Leon County,16966,8485,8481,14.2,76.5,7.2,0.6,0.7,0.2,12404,44875,4612,27096,3287,16.3,27,26.9,18.8,18.3,19.3,16.7,76.3,9.8,0,4.1,4.9,5,28.3,6574,68.6,16,15,0.4,7.1,48289,TX
48291,Texas,Liberty County,79884,39491,40393,21.9,65.8,10,0.3,0.6,0,55185,48344,3470,22153,988,16.2,21.5,24.7,14.9,22,18.1,20.3,88.9,6.5,0.3,1,1.2,2.2,36.9,28685,79.3,13.9,6.5,0.3,7.8,48291,TX
48293,Texas,Limestone County,23480,12071,11409,21.3,59.2,17.6,0.3,0.7,0,16469,40356,2445,21093,1333,20.7,33.5,27.3,22.1,19.8,12.4,18.4,83.1,10.9,0,1.3,1,3.6,21.3,8824,64.3,25.7,10,0,10.3,48293,TX
48295,Texas,Lipscomb County,3495,1880,1615,29.9,66,0.4,0.7,0.7,0,2216,59583,7827,29995,2575,10.5,13.5,31.6,10.5,17.7,19.2,21.1,85.3,8.4,0,3.4,0.4,2.5,20.2,1653,68.8,17.8,13.1,0.3,5.2,48295,TX
48297,Texas,Live Oak County,12043,6548,5495,38.8,57.6,2.4,0,0.6,0,8921,51480,4529,22847,2374,16.3,23.8,25.2,16.4,25.4,16.8,16.2,79.4,10.7,0,1.7,2.4,5.7,33.5,4301,71,15.8,12.2,1,3.8,48297,TX
48299,Texas,Llano County,20195,9848,10347,9.8,87.1,0.7,0.1,0.4,0,16826,50524,4101,35680,2754,12.5,19.9,31.3,21.1,25.3,14.2,8.1,72.1,15,0,2.6,1,9.4,24.4,7660,73.2,12.2,14.2,0.3,8.3,48299,TX
48301,Texas,Loving County,74,39,35,16.2,74.3,0,5.4,0,0,59,80938,32455,35530,10371,17.1,0,33.3,0,12.8,5.1,48.7,71.8,12.8,0,7.7,0,7.7,22.4,39,53.8,28.2,17.9,0,0,48301,TX
48303,Texas,Lubbock County,298042,147080,150962,34.5,54.5,6.9,0.4,2.1,0.1,216218,49078,1138,26196,499,18.8,21.4,35,19.9,25.3,9.9,9.8,81.2,12.3,0.9,1.9,1.2,2.5,17.3,145154,78.1,16.1,5.7,0.1,4.8,48303,TX
48305,Texas,Lynn County,5785,2957,2828,47.2,49.3,1.3,0.5,0.3,0,4001,44922,3955,26758,2557,18,26.9,31.1,14.3,24.7,19.8,10.1,76,18.4,0.1,2.8,0,2.7,19.1,2419,74.8,16.1,8.8,0.3,8.1,48305,TX
48307,Texas,McCulloch County,8145,4171,3974,31.6,62.2,2,0,0,0,6009,42367,7500,23398,2283,16.3,25.1,23.2,21,22.1,19.7,13.9,82.8,12.3,0.1,3,0.1,1.8,15.9,3658,68.5,17.7,13.2,0.6,3.2,48307,TX
48309,Texas,McLennan County,245720,119894,125826,25.6,56.7,14.2,0.2,1.5,0,170837,46262,1239,24273,645,19.3,26.1,32.8,18.5,24.8,10.8,13.2,82.4,10.7,0.4,1.7,1.2,3.6,19.4,112592,81,13.2,5.6,0.2,5.1,48309,TX
48311,Texas,McMullen County,600,321,279,50.5,48.7,0,0.8,0,0,406,71389,19963,33472,11546,7,0,30.7,14.9,27.7,11.4,15.3,78.2,2.2,0,6.1,7.3,6.1,21.6,202,63.9,19.8,16.3,0,26.3,48311,TX
48313,Texas,Madison County,13979,8649,5330,22.4,55.8,17.4,0.1,1.1,0.2,10426,44004,4196,17436,1473,15.4,18.5,28.6,23.2,19.7,14.9,13.6,76.3,12.6,0,7.3,0.6,3.3,23.4,4249,67.2,21.2,10.8,0.8,3.1,48313,TX
48315,Texas,Marion County,10140,5025,5115,3.9,70.9,23.7,0.3,0,0.2,8169,36938,3112,25933,3074,22.3,37.9,28.7,19.1,21.8,13,17.4,83.7,7.9,0,1.1,2,5.3,31.4,3635,73.3,16.4,10.1,0.2,10.7,48315,TX
48317,Texas,Martin County,5547,2856,2691,45.1,53.7,0.6,0.5,0,0.1,3585,71115,10287,28560,2865,7,7.8,29.3,13.6,19.8,24.9,12.4,81.6,10.9,0,3.4,0.8,3.3,17.9,2527,76.4,12,11.4,0.3,1.9,48317,TX
48319,Texas,Mason County,4122,2200,1922,24.3,71.9,0,0.3,2.5,0,2992,40949,3689,24519,2922,12.6,20.1,21,24.1,23.5,23.8,7.6,74.9,13.5,0,5.6,1.5,4.5,20.2,2173,74.8,7.5,17.3,0.4,2.8,48319,TX
48321,Texas,Matagorda County,36744,18249,18495,41.4,44.9,10.2,0.4,2,0.1,24931,44896,4175,23294,1398,20.6,33.8,23.9,18.9,21.8,18.2,17.3,82.5,11.1,0.9,2.2,1.1,2.1,21.7,16009,79.5,14.4,6,0.1,6.4,48321,TX
48323,Texas,Maverick County,57471,28522,28949,95.3,2.6,0.2,1.2,0.4,0.1,27831,37734,2701,16658,850,24.5,32.1,21.1,26.5,22.6,14,15.8,77,19.1,0.3,1.9,0.4,1.3,22,21113,74.8,20.6,4.4,0.2,12.9,48323,TX
48325,Texas,Medina County,48548,25073,23475,51.3,44.5,2.3,0.3,0.6,0,35763,59305,2261,25572,1305,12.7,17.4,31.1,18.9,22,15.4,12.6,80.7,13.4,0.3,1.9,0.7,3,31.5,20958,75.4,15.8,8.6,0.2,5.3,48325,TX
48327,Texas,Menard County,2123,1159,964,37.3,59,0.6,0.6,0,0,1650,37917,11237,23613,3104,9.8,11.9,30.9,16.9,13.5,29.3,9.5,69,25.4,0,1.9,0,3.7,29.3,1014,60.1,23.5,15.7,0.8,5.1,48327,TX
48329,Texas,Midland County,159883,80338,79545,43.2,47.3,5.9,0.4,1.8,0,103212,75815,3574,38545,1300,8.7,11.5,34.4,14.5,23.4,16.7,11,85.1,9.8,0.2,0.8,1.6,2.4,19.5,80471,82.9,9.7,7.3,0.2,3.5,48329,TX
48331,Texas,Milam County,24479,12194,12285,25.8,62.9,8.4,0.1,0.5,0,17688,41768,2688,22911,1288,16,25.5,28.9,17.8,20.5,18,14.8,80.8,13.3,0.3,0.6,0.3,4.7,27.2,9527,73.1,19.3,7.4,0.3,5.5,48331,TX
48333,Texas,Mills County,4887,2275,2612,18.3,81.3,0.2,0,0.1,0,3549,46318,7679,24858,3726,14.9,19.8,29.8,15.5,28.4,12,14.4,78.8,7.4,0,6.7,0.9,6.2,16.5,2055,71.3,18.4,10,0.2,2.9,48333,TX
48335,Texas,Mitchell County,8774,5417,3357,39.3,48.7,10.3,0.3,0.4,0,6669,52194,3002,19741,1868,7.9,9,32.3,19.2,19.9,14.6,14.1,78.4,17,0.3,0.8,0,3.4,20.2,2801,66.5,24.3,8.2,1,6.4,48335,TX
48337,Texas,Montague County,19406,9512,9894,10.7,86.3,0.2,0.3,0.1,0,14259,46592,4160,26278,1905,15.5,21.7,26,15.1,22.8,18.9,17.3,83,10.3,0.6,1.6,0.4,4,24.3,7938,81.5,11.3,6.8,0.5,6.6,48337,TX
48339,Texas,Montgomery County,535187,265034,270153,23,67.9,4.5,0.1,2.8,0.1,352796,74323,1461,38012,871,10.3,13.9,39.8,15.3,24,10.5,10.5,82.1,9.1,1.2,0.9,1.2,5.5,32.7,249640,81.1,10.7,8.1,0.1,4.9,48339,TX
48341,Texas,Moore County,22016,11466,10550,54.1,33.7,3.2,0.3,7.9,0,11352,52469,3568,21372,1142,16.9,26,22.1,14.9,15.8,16.5,30.7,75,20.6,0.4,2.3,1.1,0.6,16.9,10591,81.6,13.8,4.4,0.3,4.1,48341,TX
48343,Texas,Morris County,12530,6022,6508,9.2,65.1,23.6,0.4,0.1,0.1,9333,40227,4275,22803,2179,15.7,20.9,25.4,21.7,18.1,7.6,27.2,87.1,6.1,0.3,0.7,1.8,4,23.8,5044,75.7,17.6,6.6,0.1,9.9,48343,TX
48345,Texas,Motley County,1114,575,539,16.3,76.5,3.5,0,0,0,846,40598,7989,25908,3973,12.2,11.3,35.9,16,12.5,22.4,13.3,82.8,6.3,0.8,3.9,0,6.1,16.4,513,64.5,17.7,17.7,0,8.1,48345,TX
48347,Texas,Nacogdoches County,65411,31297,34114,18.9,59.9,17.2,0.3,1.6,0,46030,41482,2289,22589,1150,24.9,32.2,32.1,17.8,23.4,12.5,14.2,79.5,12.5,0.1,3.7,1.3,2.8,20.4,28199,73.4,19.2,7.2,0.2,8.6,48347,TX
48349,Texas,Navarro County,48239,23726,24513,26.2,57.3,13.1,0.3,0.6,1,31446,45103,2407,22152,1046,18.8,29.8,27.8,20.3,20.3,12.8,18.7,80.8,12.7,0.4,1,0.9,4.3,25.3,20325,75.5,15.8,8.5,0.2,9.4,48349,TX
48351,Texas,Newton County,14187,7436,6751,3.5,73.6,21.3,0.2,0.1,0,11144,40180,5490,20800,1616,15.7,19.3,21.6,18.4,23,16.6,20.4,79.4,14.6,0.5,0.3,3,2.1,37.3,4971,76.9,19.2,3.8,0,11.6,48351,TX
48353,Texas,Nolan County,14990,7629,7361,36.4,57,4.9,0.4,0.3,0,10812,42019,2694,23686,1769,16.8,25,27.9,20.1,16.9,14.4,20.8,79.7,13.7,0,2.6,2.5,1.5,15.5,6316,74.3,18.5,7.1,0.1,7.1,48353,TX
48355,Texas,Nueces County,358484,176836,181648,63,30.3,3.6,0.2,1.9,0.1,252113,53317,981,26780,491,16.7,23.8,29.4,21.3,24.5,13,11.8,83,10.2,1.3,1.7,1.5,2.3,19.6,165116,77.8,15.3,6.8,0.2,5.9,48355,TX
48357,Texas,Ochiltree County,10484,5353,5131,53,44.5,0.2,0.7,0.2,0,5698,50120,4332,24157,2387,13,14.7,22.9,17.1,19.9,25.7,14.4,76.1,19.1,0,2,1.8,1.1,18.5,4679,79.1,12.8,7.8,0.3,7.6,48357,TX
48359,Texas,Oldham County,2083,1208,875,15.5,75.8,5.6,0,0.1,0,1289,62426,7152,25461,7333,11.1,14.6,35.3,15.6,23.6,11.9,13.7,73.2,11.4,0,10.1,0.8,4.4,19,776,82.5,11.9,5.2,0.5,3.8,48359,TX
48361,Texas,Orange County,83909,41505,42404,7.1,81.4,8.3,0.3,1.1,0,61569,53667,2201,27938,1206,14.2,18.7,29.4,15.7,23.3,14,17.5,86.6,8.4,0.2,1.7,1.4,1.7,23.9,36743,81.9,13.2,4.7,0.1,6,48361,TX
48363,Texas,Palo Pinto County,28109,13904,14205,19.7,75.4,2.4,0.6,0.6,0.1,20418,45067,2933,24840,1490,18.3,28.3,24.3,20,22,14.1,19.5,81.7,8,0.5,2.1,3.2,4.5,23.5,11724,78.6,11.4,9.9,0.1,7.9,48363,TX
48365,Texas,Panola County,23574,11635,11939,8.6,73.4,16.3,0.1,0.6,0,17245,49704,2693,26205,2154,15.3,22.3,24,16.7,24.9,18.2,16.2,89.2,6,0.5,1.8,0.8,1.7,25.9,9855,80.8,11.2,8,0,3.8,48365,TX
48367,Texas,Parker County,125963,62545,63418,11.5,84.4,1.3,0.5,0.5,0,91539,70608,2107,33367,1047,9.2,12.7,38.3,14,24.3,12.1,11.3,82.8,9.5,0.2,1,1.5,5.1,31.7,58626,76.6,14.6,8.5,0.3,5.5,48367,TX
48369,Texas,Parmer County,9871,5065,4806,62.4,35.1,1.6,0.1,0.2,0,5688,50410,4309,21876,1537,17.3,27.6,26.2,13,17.2,16.7,26.9,76.7,13.2,0.9,1.7,4.7,2.9,14.2,4411,75.9,14.2,9.6,0.3,2.8,48369,TX
48371,Texas,Pecos County,15804,9058,6746,68.5,25.9,4.1,0.6,0.4,0.1,10542,50543,6324,19088,1217,11.5,11.5,21.3,22.3,18.5,20,17.9,79.2,14.3,0.6,1.6,1.1,3.1,19.2,6103,68.3,22.6,8.1,1,3.7,48371,TX
48373,Texas,Polk County,46974,25288,21686,14.8,70.9,10.4,1.5,0.6,0.1,35008,43267,2722,23023,985,18.7,32,22.8,22.8,23.7,17.9,12.8,77.7,12.4,0.9,1.6,3.5,4,29.1,17988,72.6,18.4,8.7,0.3,8.5,48373,TX
48375,Texas,Potter County,121230,62467,58763,37.6,45.2,9.3,0.3,5.2,0.1,75898,41852,1195,21941,858,21.7,29.1,24.2,22.9,22.7,12.3,17.8,79.3,14.7,0.9,1.7,1.1,2.3,17.8,52859,82.7,11.8,5.5,0,4.2,48375,TX
48377,Texas,Presidio County,7191,3558,3633,81.4,13.6,0,0,5,0,3408,26486,8419,15329,1476,26.3,31.9,28,26.1,18,22.8,5.1,53.9,18.7,1.2,17.5,2.2,6.5,18.3,2426,55.9,30.3,13.1,0.6,9.8,48377,TX
48379,Texas,Rains County,11246,5722,5524,8.7,85.8,1.5,1,0.1,0,8630,48308,4901,23976,1572,13.1,17.6,27,16.7,23.1,16.9,16.4,80.7,11.8,0,2.1,1.8,3.5,34.9,4601,74,11.7,14.3,0,5.7,48379,TX
48381,Texas,Randall County,130552,64149,66403,20.2,73.4,2.8,0.4,1.5,0.1,95349,65564,1884,32922,753,9.6,11.6,37.3,17.4,26.2,8.9,10.2,84.7,9.7,0.3,1.3,1,3,19.1,68640,75.3,16.3,8.3,0.1,3.7,48381,TX
48383,Texas,Reagan County,3735,1986,1749,70.1,28.9,0.7,0,0,0,2166,59760,22731,25273,2662,18,30.5,19.7,9,25.9,25.8,19.6,80.4,14.6,0,1.3,1.2,2.5,16.6,1752,74.3,16.8,9,0,3.9,48383,TX
48385,Texas,Real County,3358,1553,1805,19.8,80,0.2,0,0,0,2579,36493,6844,20873,2757,20.2,33.6,28.9,23.6,29.7,13.6,4.3,62.6,13.9,0,7.1,5,11.4,16.3,1281,73.4,10.7,15.9,0,6.1,48385,TX
48387,Texas,Red River County,12353,5803,6550,7.3,73.1,17.6,0.2,0,0,9753,35356,2876,21177,1417,16.5,18.5,26.5,18.7,20.1,14.5,20.3,83,8.2,0,2.8,1.8,4.2,30.7,4770,71,19.2,9.8,0,9,48387,TX
48389,Texas,Reeves County,14791,8938,5853,75,18.2,4.5,0.4,1.1,0,8930,49390,6945,18992,1651,13.2,16.1,22.5,21,20.1,15.9,20.5,84.9,8.9,0,1.9,1.3,2.9,16.8,5140,70.3,25.9,3.8,0,8,48389,TX
48391,Texas,Refugio County,7293,3617,3676,49.7,42.3,5,0.1,0.1,0,5487,50338,6218,23959,1587,16.6,28.2,24.1,25.7,16.3,17.4,16.4,82.9,12.5,0,2.3,0.3,2.1,22.7,2961,74.8,14.8,10.4,0,7.9,48391,TX
48393,Texas,Roberts County,889,404,485,7.4,90.6,0,0,0.4,0,625,79167,8098,34555,5327,3.3,7.3,46.2,15.2,14.2,9.3,15.2,77.7,13.7,0,2.3,0,6.3,22.2,409,58.2,24,17.8,0,2.4,48393,TX
48395,Texas,Robertson County,16727,8291,8436,20.2,57.9,19.7,0.2,0.3,0.1,11889,52189,5130,23337,1593,15.2,21.2,30.1,16.1,21.2,16,16.6,80.2,12.6,0,2.5,1.2,3.5,24.4,7180,72.1,19.8,8,0.1,7.7,48395,TX
48397,Texas,Rockwall County,90414,44463,45951,17.1,72.3,6,0.2,2.4,0,61266,93269,3672,38933,1286,5.8,7.5,47.5,13.2,24.1,7.3,8,81.6,9.6,0.8,0.5,1.7,5.9,33.4,44335,79.9,14.5,5.5,0.1,4.9,48397,TX
48399,Texas,Runnels County,10266,5050,5216,33.8,62.3,1.3,0.4,1.1,0,7659,41226,3957,22190,1490,16.3,20.2,31.1,15.2,21.8,17.9,14,82.9,11,0,2.6,0.6,2.8,21.9,4184,68.5,21.5,9.6,0.5,3.2,48399,TX
48401,Texas,Rusk County,53026,27810,25216,16.1,64.7,17,0.2,0.5,0,38227,49270,2855,23521,951,15.8,23.1,26.7,18.2,20.7,15.9,18.5,86.7,8.5,0,0.9,0.6,3.3,24.3,20340,79.8,13.1,6.8,0.3,5.7,48401,TX
48403,Texas,Sabine County,10429,5232,5197,4,86.1,7.6,0,0.1,0,8477,33561,2735,20876,1771,20,36.2,18.7,19.2,29.8,14.9,17.3,86.9,4.8,0.3,3.5,0.5,4.1,22.2,3379,75.2,13.9,8.6,2.3,7.1,48403,TX
48405,Texas,San Augustine County,8403,4154,4249,6.9,68.8,20.8,1.5,0,0,6517,32394,6068,21066,2875,24.4,37.4,28.1,15,23.3,12.2,21.3,83.9,11.1,0,0.9,1.2,3,26.7,2493,81.3,9.3,9.4,0,13.4,48405,TX
48407,Texas,San Jacinto County,27436,13563,13873,12.5,74.9,10.7,0.5,0,0,20605,43421,5938,22308,1550,17.2,22,22,17.4,23.8,22.4,14.4,80.1,13.3,0,1.1,2.9,2.6,41.3,10221,77.3,15,7.6,0.1,6.5,48407,TX
48409,Texas,San Patricio County,66867,33592,33275,56.8,39.4,1.5,0.2,1,0,46088,53332,2067,24613,860,15.2,22,26,20,21.8,18.2,14,84.3,9.5,0.2,1.5,1.3,3.2,23.6,28869,77.9,17.1,4.9,0.2,4.9,48409,TX
48411,Texas,San Saba County,5851,2949,2902,29.7,65.3,2.8,0,0,0,4169,40301,4626,22481,2996,17.4,33.3,29,16.8,14.8,24.5,14.9,69.3,22.5,0,2.2,1.9,4.1,25.8,2475,70.1,16.4,13.1,0.4,3.2,48411,TX
48413,Texas,Schleicher County,3122,1572,1550,51.8,47.7,0.3,0,0.1,0,1961,63432,8717,28112,4832,10.2,9.9,29.2,16.5,16.3,21.2,16.7,78.6,15.2,0.7,0,1,4.5,29,1475,67.2,26.8,6,0,6.3,48413,TX
48415,Texas,Scurry County,17346,9446,7900,39.7,53.6,4.5,0.1,0.2,0,12385,54565,5212,24140,1725,12.8,17.2,23.7,17.4,23.3,20.7,15,82.2,12.8,0.3,1,2,1.6,16.6,6772,77,13.1,9.8,0.2,4.6,48415,TX
48417,Texas,Shackelford County,3348,1677,1671,11.7,85.6,0.2,0.3,0.2,0,2505,46685,7316,24296,2570,17.7,20.6,33.4,17.7,26,14.7,8.2,82.3,11.5,0,1.5,4.1,0.5,20.7,1508,72.3,17.5,9.9,0.3,7,48417,TX
48419,Texas,Shelby County,25689,12740,12949,17.8,62.1,18.8,0.2,0.5,0.1,17069,38121,2400,20686,1236,23.1,37,26.8,15.9,17.8,21.8,17.6,76.6,17.6,0.5,1.7,0.9,2.8,26.3,9432,74.9,15.7,9.1,0.3,7.4,48419,TX
48421,Texas,Sherman County,3067,1590,1477,43.3,55.8,0.3,0.2,0,0,1967,54961,4119,25358,2477,14.8,24.6,29.2,8.2,19.3,19.4,23.9,76.7,14.7,0.4,4.5,1.3,2.4,20.1,1604,74.4,13.5,12.1,0,1.5,48421,TX
48423,Texas,Smith County,222277,107355,114922,19,60.3,17.4,0.3,1.6,0.1,155626,50742,1276,26270,684,16.3,22.1,33,19.2,23,10.7,14.1,83.7,9.5,0.2,1,2.2,3.4,23.8,98488,81.8,12,6,0.2,6.5,48423,TX
48425,Texas,Somervell County,8650,4155,4495,19.1,78.7,0.6,0.3,0,0.6,6383,52346,8689,27095,2855,21.5,34.4,34.8,14.4,22.2,16.5,12.1,78.9,17,0.3,1.2,1.2,1.4,28.3,3671,81.3,11.9,6.1,0.7,2.8,48425,TX
48427,Texas,Starr County,63420,30815,32605,99.2,0.6,0,0,0.1,0,29308,27133,1554,13167,854,35,45.7,22.3,30.5,17.6,17.9,11.8,69,20.2,0.4,4.5,0.8,5.2,23.1,21423,67.9,22.5,8.3,1.2,15,48427,TX
48429,Texas,Stephens County,9365,4826,4539,23.2,72.1,2.2,0.6,0.5,0,6896,45862,3667,23044,1813,21.3,32.7,25.1,18.6,20.3,17.6,18.5,82.5,10.2,0.5,1.5,3,2.3,19.5,3730,72.8,14.6,12.5,0,4.7,48429,TX
48431,Texas,Sterling County,1139,608,531,40.8,57.4,0.3,0,0,0,757,50000,13092,25675,4446,17,37.1,32.2,15.1,23.3,10.3,19,77.4,0.6,0,1,9.4,11.6,21,515,61.9,23.5,14.6,0,2.6,48431,TX
48433,Texas,Stonewall County,1084,555,529,22.7,72.6,3.5,0,0,0,823,46786,13949,28063,4263,13.9,20.1,34.8,16.7,16.1,16.7,15.6,84.1,12.5,0,0,1.8,1.6,17.7,442,54.3,30.5,13.1,2,2.4,48433,TX
48435,Texas,Sutton County,3894,2127,1767,59.4,39.2,0.1,0,0,1,2658,60996,5615,31603,4027,6.5,5.5,31.6,13,18.6,19.6,17.2,84.3,9.6,0,1.4,0.4,4.3,19.7,1827,75,13.7,11.1,0.2,5.9,48435,TX
48437,Texas,Swisher County,7541,3955,3586,43.1,47.5,5.7,0.5,0.2,0.1,5179,37883,4612,18878,2348,22.2,30.8,30.3,19.2,22,13.8,14.7,83.3,7.5,0.2,3.3,1.1,4.5,19.7,2704,72.1,15.3,12.5,0,5.9,48437,TX
48439,Texas,Tarrant County,1983675,971142,1012533,28.2,48.3,15.6,0.3,5.1,0.2,1270469,62532,457,30857,257,13.5,19.4,36.6,16.2,25.2,9,13,82.5,10.2,0.6,1.2,1.2,4.3,27,974947,83,11.3,5.6,0.1,5.4,48439,TX
48441,Texas,Taylor County,135371,66258,69113,23.8,64.5,7.4,0.5,1.9,0.1,98253,49161,2217,25419,673,16.1,20.6,30.6,22.3,25,11.5,10.6,81.1,10.3,0.6,2.2,1,4.8,16.9,62872,78,15.7,6,0.2,4.4,48441,TX
48443,Texas,Terrell County,721,357,364,56.3,33.1,3.2,0.7,0,0,546,26063,5567,21204,4392,17.1,14,33.1,25,10.8,12.3,18.8,83.8,4.6,0,1.5,0,10,30,260,50.4,29.2,20.4,0,6.8,48443,TX
48445,Texas,Terry County,12755,6753,6002,53.8,40.8,4.6,0.2,0,0,8567,42441,5680,21938,3713,13.7,21.1,31.1,17.6,17.4,22.8,11.1,77.8,16.3,0.3,1.1,1.9,2.7,20.1,4556,74.8,17.2,8,0,9.4,48445,TX
48447,Texas,Throckmorton County,1541,705,836,15.8,82.5,0.1,0,0.3,0,1218,37279,7356,27732,4961,17.1,19.6,35.1,13.3,22.7,14.1,14.8,84.7,7.8,0.2,0.5,0.5,6.4,22.2,661,65.4,19.5,15.1,0,5.2,48447,TX
48449,Texas,Titus County,32664,16055,16609,42.1,46.3,9.1,0.2,0.8,0,18900,46980,2674,21090,1364,19.3,29.4,22.8,17.3,21.4,10.4,28.1,83.4,11.5,0.4,0.6,2.4,1.7,18.8,14307,83.5,9.9,6.5,0.1,6.1,48449,TX
48451,Texas,Tom Green County,116906,57848,59058,38.8,54.3,4,0.2,1.1,0,85961,49662,2089,27513,1193,12.9,17.2,32.2,18.3,24.8,13.1,11.6,79.4,10.4,0.2,4.1,2.4,3.6,17.8,53414,77.1,15.9,7,0.1,3.8,48451,TX
48453,Texas,Travis County,1176584,593319,583265,33.9,49.3,7.9,0.2,6.3,0,783460,68350,751,38820,418,13.9,18.8,47.4,15.8,22.1,8.1,6.6,74.5,9.7,3.2,1.9,2.3,8.4,25.3,645807,77.7,14.9,7.3,0.1,4.5,48453,TX
48455,Texas,Trinity County,14481,6959,7522,9.3,79.1,9.5,0.3,0.4,0,11188,37398,3180,20369,1260,18.4,30,27.5,23,23.5,12.8,13.3,80.9,10.9,0.5,1.8,1,4.9,33.2,4946,69.3,20.8,9.2,0.6,10.2,48455,TX
48457,Texas,Tyler County,21456,11726,9730,7.3,79.6,10.8,0.1,0.3,0,17064,44396,4682,21172,1438,15.8,23.8,23.6,21,22.5,16.8,16.1,83.3,7.5,0,1,3.1,5,35.7,6746,77.7,17.9,4.2,0.2,9.5,48457,TX
48459,Texas,Upshur County,40506,20035,20471,8.1,80.7,8.9,0.7,0.2,0,29790,48796,2647,24088,1297,13.8,20.3,29.1,15.6,25.2,13.1,17,83.5,10.3,0.2,0.7,1.3,4,27.8,16720,80.1,12.4,7.2,0.3,8.3,48459,TX
48461,Texas,Upton County,3575,1747,1828,49.7,43,6.7,0.1,0.3,0,2290,52750,5566,25290,3206,18,24,27.4,12.3,18.5,24.3,17.5,86.1,8.3,0.4,1.3,1.2,2.7,20.9,1398,69.7,22.5,7.8,0,1.1,48461,TX
48463,Texas,Uvalde County,27015,13188,13827,70.9,27.1,0.1,0.4,1,0,17424,40781,3100,19146,921,17.9,27.7,24.1,22.3,22,18.2,13.4,84.4,10.2,0,1.1,1.4,2.9,18.5,11605,70.6,20.6,8.8,0,5.9,48463,TX
48465,Texas,Val Verde County,48976,24836,24140,81.4,15.9,1.1,0.1,0.5,0.1,28860,44609,2594,20160,1240,20.9,27.1,25.5,21.5,23.1,15.2,14.7,76.9,12.8,0.4,3,3.4,3.5,19,18667,68,26.4,5.5,0.1,6.6,48465,TX
48467,Texas,Van Zandt County,53607,26307,27300,10.3,84.3,2.6,0.5,0.5,0.1,39666,50061,2093,25394,1208,14.2,20.3,30,19.8,22.7,14.6,13,80.5,11.4,0.1,1,0.8,6.4,34.4,22384,74.5,15,10.3,0.3,5.9,48467,TX
48469,Texas,Victoria County,91518,44790,46728,46,45.4,5.8,0.1,1.1,0,64245,55740,2218,28181,1001,14.8,20.8,30,17.3,25.3,13.2,14.1,81.3,12.1,0.9,0.8,0.8,4.1,20,43077,80.5,11.4,7.8,0.3,5.1,48469,TX
48471,Texas,Walker County,70818,41435,29383,17.8,56.9,22.9,0.3,1.2,0,56277,41456,1745,17194,1111,24.3,24.3,31.7,27.7,22.1,8.8,9.7,82,8.6,0.1,3.9,1.6,3.8,25.8,24044,60.9,35,3.9,0.2,3.4,48471,TX
48473,Texas,Waller County,48443,24209,24234,29.4,43,24.9,0.1,0.7,0,32066,53506,4971,23888,1274,18,25.1,26.5,21.5,25,14,13,78.7,10.8,0.9,3.9,1.4,4.4,30,21837,75.6,15.9,7.9,0.6,7.8,48473,TX
48475,Texas,Ward County,11498,5790,5708,52.2,41.4,4.8,0.6,0.3,0,7730,63333,5589,26860,2095,11.6,12.7,28.6,16.4,17.3,19.2,18.6,82.3,9.1,0,1.5,3,4.1,21.7,4823,75.1,17.3,7.5,0.1,6.1,48475,TX
48477,Texas,Washington County,34667,17199,17468,15.5,64.5,17,0.3,1.8,0.1,25423,55793,4336,28517,2309,13.2,20.8,32.7,16.2,23.7,10.9,16.5,85.8,8.7,0.1,1,0.9,3.5,21.5,14897,74,15.9,10.1,0,6.2,48477,TX
48479,Texas,Webb County,269624,131657,137967,95.5,3.5,0.3,0.1,0.5,0,130541,40442,1234,16316,420,31.5,42,26.2,22.9,28,10.2,12.7,81.4,11.9,1.1,1.7,1.2,2.7,21.7,102713,75.5,17.3,6.9,0.3,5.7,48479,TX
48481,Texas,Wharton County,41430,20355,21075,40.3,45.3,13.8,0.1,0.1,0,27899,50145,3208,25867,1856,17.5,29.2,25.4,19.3,21.1,17.6,16.5,84.4,11.7,0.4,0.5,0.3,2.7,23,18767,80.7,12.6,6.5,0.2,5.3,48481,TX
48483,Texas,Wheeler County,5599,2871,2728,26.5,68.3,2.7,0.1,0.1,0.2,3807,50910,3512,25809,1877,19.2,31.7,25.5,19.6,21.2,21.6,12,86.9,7.1,0,2.6,1.5,1.9,18.4,2551,68.8,21,10,0.2,5.6,48483,TX
48485,Texas,Wichita County,131778,68339,63439,18.5,66.1,9.9,0.6,2,0,96973,45776,1140,23263,604,18.9,26.6,33.2,20.7,23.8,10.4,11.9,77,8.6,0.8,7.6,2,4,15.4,55552,74.3,19.9,5.4,0.4,4.8,48485,TX
48487,Texas,Wilbarger County,12972,6415,6557,28.6,59.4,8,0.7,0.9,0,9694,43913,4945,21938,1657,16.5,22.6,26.5,24.7,22.3,11.4,15,75.7,20.5,0,1.7,1.3,0.8,11.5,6329,67.8,24.9,6.9,0.4,5.8,48487,TX
48489,Texas,Willacy County,21839,11821,10018,88,11.1,0.7,0,0.1,0,14146,29104,2657,13369,863,35.6,49.5,21.5,24.6,22.6,18.8,12.5,86.5,5.3,0,4.9,0.5,2.8,22.7,6415,66.8,21.3,11.8,0.1,14.5,48489,TX
48491,Texas,Williamson County,508313,250106,258207,24.1,60.9,6,0.2,6,0.1,342928,79123,1440,34575,386,7,8.4,45.6,13.9,25.4,7.4,7.7,80.3,9.1,0.8,0.9,1.2,7.7,27.9,254840,79,14.5,6.4,0.1,4.8,48491,TX
48493,Texas,Wilson County,47205,23703,23502,39.2,57.7,1.3,0.2,0.3,0.1,34562,71942,4350,29862,1049,10.2,12.8,31.8,16.4,25.2,14.2,12.4,80.7,10.8,0,1.1,1,6.4,34.5,21002,73.3,18,8.6,0.1,6,48493,TX
48495,Texas,Winkler County,7777,3968,3809,59.4,36.9,2.3,0.9,0,0,4689,55000,12087,23483,2007,17.9,22.6,23.5,15.7,20,19.4,21.4,82.2,13.1,0,1.5,0.7,2.5,19.2,3267,80.3,15.1,4.6,0,4.1,48495,TX
48497,Texas,Wise County,63247,31766,31481,18.8,77.5,1.2,0.4,0.5,0.2,44333,59081,2722,27447,1009,13,20.4,29.6,15,24,14.3,17.1,82.2,10.1,0.1,1,0.9,5.7,32.1,27736,78,13.7,8,0.2,6,48497,TX
48499,Texas,Wood County,43315,21523,21792,9.6,83.2,5.5,0.6,0.1,0.1,33979,48038,3129,25955,1664,13.3,22,28.7,16.7,25,15.5,14.1,80.6,10,0.3,2.5,1,5.6,30.2,15960,78.4,14.1,7.1,0.4,7.8,48499,TX
48501,Texas,Yoakum County,8481,4286,4195,65,33.2,0,0.2,0,0,4432,62500,8792,23681,2553,12.3,14.6,21.8,16.9,19.2,27.8,14.4,78,16.8,0,3.7,0.2,1.3,16.2,3755,71.7,17.5,10.7,0.1,7.5,48501,TX
48503,Texas,Young County,18166,8922,9244,18.1,78.8,1.5,0.5,0.4,0,13070,46351,3907,25661,2290,16.5,25.9,31.5,17.8,21.9,15.1,13.7,83,9,0,0.6,1.4,6.1,15.3,8248,69.8,17.1,11.9,1.2,4.5,48503,TX
48505,Texas,Zapata County,14415,7190,7225,94.1,5.2,0,0,0.7,0,6586,34550,6700,17817,3167,34.1,48,17.7,30.4,14.9,16.8,20.2,69.2,23.8,0,4.4,0.6,2,18.2,5146,66,21,12.6,0.4,12.4,48505,TX
48507,Texas,Zavala County,12152,6163,5989,93.6,5.4,0.5,0.1,0,0,8053,25988,5009,13105,1562,36.2,56.3,29,24.3,14.7,16.7,15.3,80.5,7.4,0.4,2.1,4.2,5.4,13.7,4397,73.9,21.2,4.9,0.1,10.1,48507,TX
